<?xml version="1.0" encoding="UTF-8"?>
<project-private xmlns="http://www.netbeans.org/ns/project-private/1">
    <editor-bookmarks xmlns="http://www.netbeans.org/ns/editor-bookmarks/2" lastBookmarkId="0"/>
    <open-files xmlns="http://www.netbeans.org/ns/projectui-open-files/2">
        <group>
            <file>file:/C:/Users/Tanu/Documents/NetBeansProjects/AlgoProject/src/algoproject/Graph1.java</file>
            <file>file:/C:/Users/Tanu/Documents/NetBeansProjects/AlgoProject/src/algoproject/AlgoProject.java</file>
            <file>file:/C:/Users/Tanu/Documents/NetBeansProjects/AlgoProject/src/algoproject/randomgraph.java</file>
            <file>file:/C:/Users/Tanu/Documents/NetBeansProjects/AlgoProject/src/algoproject/Random_Edges_Graph.java</file>
        </group>
    </open-files>
</project-private>
